doc_hash,pdf_path
17346697137035588008,050-001l_S3_Praevention-Therapie-Adipositas_2024-10.pdf
14074209118980382127,050-002l_S3_Therapie-Praevention-Adipositas-Kinder-Jugendliche_2024-09-abgelaufen.pdf
17346697137035588008,050-001l_S3_Praevention-Therapie-Adipositas_2024-10.pdf
11972902073140761912,088-001l_S3_Chirurgie-Adipositas-metabolische-Erkrankugen_2018-02-abgelaufen.pdf
5616632147429928876,055-002l_S2k_HIV-Therapie-Schwangerschaft-und-HIV-exponierten_Neugeborenen_2020-10-verlaengert.pdf
507603385794473426,055-004l_S2k_Medikamentoese-Postexpositionsprophylaxe-PEP-nach-HIV-Exposition_2022-06.pdf
15667226653991085539,001-005l_S1_Rueckenmarksnahe-Regionalanaesthesien-Thrombembolieprophylaxe-antithrombotische-Medikation_2021-10_1.pdf
632205323867979029,001-012l_S3_Analgesie-Sedierung-Delirmanagement-in-der-Intensivmedizin-DAS_2021-08.pdf
13176724847282554042,001-015l_S3_Lagerungstherapie-Mobilisation-von-kritisch-Erkrankten-auf-Intensivstationen_2024-09.pdf
7578788637274890772,001-016l_S3_Intensivmedizinische_Versorgung-Haemodynamisches-Monitoring_2018-06-abgelaufen.pdf
17346697137035588008,050-001l_S3_Praevention-Therapie-Adipositas_2024-10.pdf
14074209118980382127,050-002l_S3_Therapie-Praevention-Adipositas-Kinder-Jugendliche_2024-09-abgelaufen.pdf
9584617967987620040,003-001l_S3_VTE-Prophylaxe_2015-10-abgelaufen_01.pdf
5809544006163574752,008-023l_S3_Epidurale-Rueckenmarkstimulation-Therapie-chronische-Schmerzen_2024-05.pdf
237174458768192134,013-018l_S3_Durchfuehrung-Epikutantest-Kontaktallergene-Arzneimittel_2019-05-abgelaufen.pdf
3953153123179607551,061-004l_S2k_Allergen-Immuntherapie-bei-IgE-vermittelten-allergischen_Erkrankungen_2022-10.pdf
6314486766355693028,061-016l_S3_Allergiepraevention_2022-11.pdf
10822881069876401173,061-021l_S2k_Allergologische-Diagnostik-Ueberempfindlichkeitsreaktionen-Arzneimittel_2024-02.pdf
8079979496105746565,061-025l_S2k_Akuttherapie-Management-Anaphylaxie_2021-10.pdf
9409154708730300036,053-002l_S3_Muedigkeit_2023-01_01.pdf
4479172599908024835,053-006l_S3_Pflegende-Angehoerige-von-Erwachsenen_2019-03-abgelaufen.pdf
4265634006858619468,053-007l_S1_Nackenschmerz_2017-01-abgelaufen.pdf
8856960075104124041,053-010l-S3_Halsschmerzen_2021-12.pdf
5866879510165928545,053-011l_S3_Schlaganfall_2025-03-abgelaufen.pdf
2803306012274356729,053-013l_S3_akuter-und-chronischer-Husten_2022-01.pdf
2245153861086372101,065-002l_S2k_Venenthrombose-Lungenembolie_2023-09.pdf
2169199765232015404,065-003l_S3_Diagnostik-Therapie-Nachsorge-periphere-arterielle-Verschlusskrankheit_2024-11_2.pdf
11958645078502497874,002-005l_S1_Praevention-arbeitsbedingter-Gesundheitsgefahren-bei-Arbeiten-unter-Einwirkung-von-Schwefelkohlenstoff_2022-03.pdf
3270688522137419869,002-010l_S2e_Arbeit-unter-Einwirkung-von-Infrarotstrahlung-Wärmestrahlung_2019-08_1-abgelaufen.pdf
9121630179713767554,002-016l_S2k_Oberflaechen-Elektromyographie-in-der-Arbeitsmedizin-Arbeitsphysiologie-Arbeitswissenschaft_2023-03_1.pdf
12735524002471696885,002-017l_S1_Haendigkeit–Bedeutung_-Untersuchung_2020-10.pdf
10286469674590904608,002-026l_S2k_Arbeitsplatzbezogener-Inhalationstest-AIT_2021-12.pdf
721705532445983761,002-030l_S2k_Gesundheitliche-Aspekte-Gestaltung-Nacht-und-Schichtarbeit_2020-03.pdf
6012160011056142560,002-035l_S1_Radon-in-Innenraeumen_2022-02.pdf
4036385286595063148,020-010l_S2k_Diagnostik-Begutachtung-Quarzstaublungenerkrankung-Silikose_2016-12-abgelaufen.pdf
11970043694904504426,020-020l_S3_Behandlung-von-erwachsenen-Patienten-mit-ambulant-erworbener-Pneumonie__2021-05.pdf
14230559470472558326,004-008l_S2k_Erkrankungen-der-Nierenarterien_2020-01-abgelaufen.pdf
12575107660719186260,005-003l_S3_Diagnostik-Therapie-Karpaltunnelsyndrom-KTS_2022-04_01.pdf
5249203011437218888,006-022l_S2k_Hodenhochstand_Maldescensus-testis_2018-08-abgelaufen.pdf
7331890313481401315,006-128l_S2K_Behandlung-thermische-Verletzungen-Kinder-Verbrennung-Verbruehung_2024-08_1.pdf
8651874755355550839,007-003l_S2k_Weisheitszahnentfernung_2019-08-abgelaufen.pdf
6391712944965645481,007-006l_S3_Odontogene_Infektionen_2017-12-abgelaufen.pdf
14452510881757309894,007-007l_S2k_Wurzelspitzenresektion_2022-12.pdf
16376403256156509266,007-046l_S2k_Infizierte-Osteoradionekrose-der-Kiefer-IORN_2018-02-abgelaufen.pdf
5950341915202670422,007-086l_S2k_Odontogene-Sinusitis-maxillaris_2019-06-abgelaufen.pdf
6243373246827396753,007-089l_S3_Implantat-Versorgung-orale-Rehabilitation-Kopf-Hals-Bestrahlung_2023-05_01.pdf
12971558742243722045,008-001l_S2e_Schaedelhirntrauma_SHT_Erwachsene_2015-12-abgelaufen.pdf
18282762898901413746,013-001l_S3_Therapie-Psoriasis-vulgaris_2024-04.pdf
18170118814187466708,013-024l_S1_Psychosomatische_Dermatologie_2018-05.pdf
12400813795397705058,013-027l_S3_Atopische-Dermatitis-AD-Neurodermitis-atopisches-Ekzem_2024-01.pdf
3303588674775973474,013-048l_S2k_Diagnostik-Therapie-des-chronischen-Pruritus_2025-04_01.pdf
13866982515439604573,006-100l_S2k_Infantile-Haemangiome-Saeuglinge-Kleinkinder_2020-12-verlaengert_01.pdf
8377377327313565132,015-045l_S2k_Diagnostik_Therapie_Endometriose_2020-09.pdf
7752095153324956185,015-059l_S2k_Vulvakarzinom_und_Vorstufen_Diagnostik_Therapie_2016-10-abgelaufen.pdf
5947333757467281211,015-062l_S3_HT_Peri-Postmenopause-Diagnostik-Interventionen_2021-01.pdf
2196683969724942871,016-001l_S2k_Chronischer_Unterbauchschmerz_Frau_2023-04.pdf
17604470490603930354,017-049_und_053-012l_S2k_Rhinosinusitis_2022-12-abgelaufen.pdf
2860272614274183020,017-050l_S2k_Riech-und-Schmeckstörungen_2023-09.pdf
16745728192380384863,017-064l_S3_Chronischer_Tinnitus_2021-09_1.pdf
7521328003674445197,017-070l_S2k_Formstoerungen-innere-aeussere-Nase_2022-06.pdf
4942918826667631015,020-002l_S2k_Langzeit_Sauerstofftherapie_2020-08.pdf
9231875506978193220,020-004l_Nichtinvasive-Beatmung-Therapie-akute-respiratorische-Insuffizienz_2024-01.pdf
4958109108251667540,020-008l_S3_Nichtinvasive-Beatmung-Therapie-chronische-respiratorische-Insuffizienz_2024-07.pdf
4141702851374411089,020-009l_S2k_Fachaerztliche-Diagnostik-Therapie-von-Asthma_2023-07.pdf
16639661557675197542,021-001l_S2k_Helicobacter-pylori-gastroduodenale-Ulkuskrankheit_2023-06.pdf
1337967947652528525,021-004l_S3_Morbus_Crohn_Diagnostik_Therapie_2024-09.pdf
5528223727540201412,021-007OLl_S3_Kolorektales-Karzinom-KRK_2019-01-abgelaufen.pdf
10235505988726114472,021-008l_S3__Gallensteine-Diagnostik-Therapie_2018-08-abgelaufen.pdf
15178696649843561975,021-009l_S3_Colitis-ulcerosa_2025-02.pdf
13196006305521377823,021-011l_S3_Prophylaxe-Diagnostik-Therapie-der-Hepatitis-B-Virusinfektion_2021-07.pdf
743526893197899717,021-013l_S2k_Gastrooesophageale-Refluxkrankheit-eosinophile_Oesophagitis_2023-09.pdf
15912710508674759468,021-014l_S3_Sedierung_in_der_gastrointestinalen_Endoskopie_2023-10.pdf
8834343567300783331,022-014l_S1_Paediatrische-Multiple-Sklerose_2023-12.pdf
8701524855299386412,022-022l_S3_Therapie-der-Blitz-Nick-Salaam-Epilepsie-West-Syndrom_2021-10.pdf
4254328262246885585,023-006l_S2k_Chronische_Herzinsuffizienz_Kinder_Jugendliche_2015-10-abgelaufen.pdf
4027951237707301915,023-025l_S2k_Myokarditis-im-Kindes-und-Jugendalter_2022-10.pdf
11351083146186934410,023-029l_S2k_Primaere-Kardiomyopathien-Kinder-Jugendliche__2024-05.pdf
13249600914611709836,023-030l_S2k_Hypoplastisches-Linksherzsyndrom-Hypoplastischer-Linksherzkomplex-Kinder-Jugendliche_2023-01.pdf
4858019572897422730,023-032l_S2k_Akute-Herzinsuffizienz-mechanische-Kreislaufunterstuetzung__2025-03-abgelaufen.pdf
16430332020748455582,024-005l_S2k_Betreuung-von-Neugeborenen-in-der-Geburtsklinik_2022-01.pdf
14845668789844586315,024-008l_S2k_Bakterielle_Infektionen_Neugeborene_2021-03-abgelaufne.pdf
9714802443149308976,024-013l_S2k_Idiopathische_Apnoen_Bradykardien_Hypoxämien_Frühgeborene_2025-02-abgelaufen.pdf
17700526751287019853,024-019l_S2k_Frühgeburt_Grenze_Lebensfähigkeit_2021-01.pdf
13312475384420862172,024-020l_S2k_Prophylaxe_Neugeborenensepsis_Streptokokken_2016-04-abgelaufen.pdf
3575950835692905197,025-029l_S2k_Diagnostik-Therapie-der-sekundaeren-Eisenueberladung-bei-Patienten-mit-angeborenen-Anaemien_2022-03_1.pdf
9420333160199165509,027-018l_S3_Diagnostik-Therapie-Management-der-Glutarazidurie-Typ-1_2022-05.pdf
367841937377402257,027-020l_S2k_Juvenile_Idiopathische_Arthritis_2024-12-abgelaufen.pdf
7432271945402379205,030-010l_Parkinson_Krankheit_2023-11_1.pdf
8609719052787394126,037-005l_S3k_Medizinische-Kompressionstherapie-MKS-PKV_2019-05_abgelaufen.pdf
5604251049620854465,037-007l_S1_Intermittierende-pneumatische-Kompression-IPK-AIK_2018-07-abgelaufen.pdf
224128300607682189,037-009l_S2k_Diagnostik-Therapie-Ulcus-cruris-venosum__2024-01_1.pdf
3143834255101536323,038-009l_S3_Schizophrenie_2019-03-abgelaufen.pdf
10574298803736705996,038-015l_S3_Borderline-Persoenlichkeitsstörungen_2022-11.pdf
12313574805682817462,001-025l_S3_Behandlung-akuter-perioperativer-posttraumatischer-Schmerzen_2022-11.pdf
15540673562430209615,043-025l_S2k_Diagnostik_Therapie_Metaphylaxe_Urolithiasis_2019-07_1-abgelaufen.pdf
10076776080835386211,048-012l_S2k_Prophylaxe-von-schweren-Erkrankungen-durch-Respiratory-Syncytial-Virus-RSV-bei-Risikokindern_2024-10.pdf
9130568453881151391,051-027l_S2k_Diagnostik_Behandlung_akute_Folgen_psychischer_Traumatisierung_2024-09-abgelaufen.pdf
9790210329000881980,054-001l_S1_Die-rechtsmedizinische_Leichenoeffnung_2023-03_02.pdf
6581221827969477104,054-002l_S1_Regeln-zur-Durchfuehrung-der-aerztlichen-Leichenschau_2023-03.pdf
8997477067827788390,057-013l_S3-Therapie-Typ-1-Diabetes_2023-09_1.pdf
2730520154806002419,057-016l_S3_Diagnostik-Therapie-Verlaufskontrolle-Diabetes-mellitus-Kinder-Jugendliche_2023-11.pdf
15869188071882355848,057-017l_S2k_Diabetes_mellitus_im_Alter_2018-09-abgelaufen.pdf
15744074154811702195,057-023l_S2e_Diabetes_und_Schwangerschaft_2022-01.pdf
4097508460264334465,072-001l_S2k_Tauchunfall_2023-03.pdf
5539192167981643696,084-001l_S2e_Harninkontinenz-bei-geriatrischen-Patienten-Diagnostik-Therapie_2024-01_1.pdf
10575498133985644105,174-002l_S2e_Diagnostik-des-Wachstumshormonmangels-im-Kindes-und-Jugendalter_2022-04.pdf
15127975937581497615,nvl-003l_S3_COPD_2024-12.pdf
12431265620340732273,nvl-004l_S3_Chronische-KHK_2024-09.pdf
11911931811641577578,024-006l_S2k_Betreuung_von_Neugeborenen_diabetischer_Muetter_2017-10-abgelaufen.pdf
30497994456634251,nvl-006l_S3_Chronische_Herzinsuffizienz_2023-12.pdf
15088326646735479078,nvl-002l_S3_Asthma_2024-08.pdf
12927340523603060266,015-028l_S2k_Bakterielle-Vaginose_2023-07.pdf
8371932711427536592,184-001l_S2e_Soziale-Teilhabe-Lebensqualitaet-stationaere-Altenhilfe-Pandemie_2025-03.pdf
17604470490603930354,017-049_und_053-012l_S2k_Rhinosinusitis_2022-12-abgelaufen_01.pdf
11566523329263468793,005-009l_S3_Kubitaltunnelsyndrom-Diagnostik-Therapie_2018-02-abgelaufen.pdf
12450726742449520167,013-043l_S1_Ichtyosen_2017-05-abgelaufen.pdf
3494215247052765414,015-063l_S2k_Peripartale_Blutungen_Diagnostik_Therapie_PPH_2022-09_2.pdf
2640555680597018885,024-003l_S2k_Neugeborenen-Transport_2024-08.pdf
15803970761908911732,015-018l_S2k_Hypertensive-Erkrankungen-Schwangerschaft-HES-Diagnostik-Therapie_2024-07.pdf
5181395370138665516,015-050l_S2k_Diagnostik-Therapie-wiederholte-Spontanaborte_2022-08.pdf
2059055757022604848,087-001l_S2k_Empfehlungen-strukturelle-Voraussetzungen-perinatologische-Versorgung-Deutschland__2021-04_01.pdf
12558001245084585914,015-084l_S3_Sectio-caesarea_2020-06_1_02.pdf
3449648625192679585,015-006l_S2e_Descensus_genitalis-Diagnostik-Therapie_2016-11-abgelaufen.pdf
2841012366963197608,017-060l_S1_Oesophagoskopie_2021-07.pdf
18133768291943304558,017-061l_S1_Tracheo_Bronchoskopie_2015-07-abgelaufen.pdf
7699185152199883824,017-068l_S3_Diagnostik_Therapie_Schnarchen_Erwachsene_2019-8-abgelaufen.pdf
7407642390898240777,017-073l_Implantierbare-Hoergeraete_2018-06-abgelaufen.pdf
17760620525181661310,078-007l_S1_Molekulargenetische-Diagnostik-Fragiles-X-Syndrom-andere-FMR1-assoziierte_Syndrome_2021-02.pdf
1413500187029443776,078-010l_S1_molekulare-zytogenetische-Diagnostik-Prader-Willi-Syndrom_-Angelman-Syndrom__2020_12.pdf
16143921271616693936,078-014l_S1_Praenataler_Schnelltest_2024-11.pdf
2287821945690084583,079-001l_S3_Sepsis-Praevention-Diagnose-Therapie-Nachsorge_2020-03_01-abgelaufen.pdf
9263512345543185591,019-013l_S3_Infarktbedingter_kardiogener_Schock_2019-11-abgelaufen.pdf
7012927636386550611,028-007l_S3_Zwangsstoerungen_Kindes-_und_Jugendalter_2021-06.pdf
8140113960669983512,028-012l_S1_Nicht-organische-Schlafstoerungen_2022-01-abgelaufen.pdf
14542112529601433094,028-014l_S2k_Geschlechtsinkongruenz-Geschlechtsdysphorie-Kinder-Jugendliche-Diagnostik-Behandlung_2025-03_1.pdf
2613034937470882848,028-020l_S3_Stoerungen_des_Sozialverhaltens_2018-09_1.pdf
9093319216601042228,028-018l_S3_Autismus-Spektrum-Stoerungen_ASS-Diagnostik_2016-05-abgelaufen.pdf
3387387095024085122,028-026l_S2k_Enuresis-und-nicht-organische-funktionelle-Harninkontinenz_2021-12.pdf
18214410238948907111,028-031l_S2k_Suizidalitaet_KiJu_2016-07_01-abgelaufen.pdf
12466557570233016149,006-002l_S1_Anorektale-Fehlbildungen_2024-04.pdf
18011966116021333058,006-016l_S1_Femurschaftfraktur-im-Kindes-und-Jugendalter_2023-04.pdf
16206153796682393239,006-027l_S1_Invagination_2021-12.pdf
13956297282173045420,006-030l_S1_Leistenhernie_Hydrozele_2020-11_1.pdf
5560856294880363981,006-052l_S2k_Phimose-Paraphimose-Kinder-Jugendliche_2025-02-verlaengert.pdf
14112107271381958244,006-062l_S1_Unterarmschaftfraktur-2016-05-abgelaufen.pdf
8434428649978931359,081-007l_S3__Hämorrhoidalleiden_2019-07_01-abgelaufen.pdf
5587823293172289111,058-001l_S2k_Diagnostik_und_Therapie_der_Lymphoedeme_2019-07-abgelaufen.pdf
7007614132431701872,007-038l_S3_Therapie-Lippen-Kiefer-Gaumenspalten_2025-01.pdf
7761691807526674894,007-092l_S2k_orale_Vorlaeuferlaesion_Plattenepithelkarzinom_2024-09-abgelaufen.pdf
12402685938407729302,083-005l_S2k_Dentale-digitale-Volumentomographie-DVT_2023-02_1.pdf
6474609978140933901,007-063l_S3_Kiefergelenkluxation_2022-08_1.pdf
620756891049266952,007-065l_S3_Kondylushypoplasie_Kondylushyperplasie_2023-11.pdf
15371847250301005368,007-066l_S3_Idiopathische_Kondylusresorption_2023-03.pdf
118461329072739116,007-091l_S3_Antiresorptiva-assoziierte-Kiefernekrosen-AR-ONJ_2018-12-abgelaufen.pdf
14237777398842947565,nvl-005l_S3_Unipolare-Depression_2023-07.pdf
9651796940732088055,024-010l_S2k_Augenaerztliche_Screening-Untersuchung_Frühgeborene_2025-04-abgelaufen.pdf
10312917320264493084,022-004l_S1_Nicht-eitrige_ZNS_Infektionen_Gehirn_Rueckenmark_Kinder_Jugendliche_2024-07_02.pdf
2802606168370144042,022-020l_S2k_Visuelle-Wahrnehmungsstoerungen_2017-12-abgelaufen.pdf
6222390247907819798,022-021l_S1_Ketogene_Diaeten_2022-02.pdf
13058457320534175028,025-022l_S1_Leitsymptome-Diagnostik-ZNS-Tumoren-Kinder-Jugendliche_2024-06.pdf
7676947736159477918,044-001l_S2k_Behandlung-thermischer-Verletzungen-des-Erwachsenen_2021-07.pdf
15673001902814830995,042-001l_S1_Diagnostik-Therapie-Malaria_2021-08-abgelaufen.pdf
5895835026699590999,042-002l_S1_Diagnostik-Therapie-Amoebiasis__2022-05-verlaengert.pdf
17795942893402194020,042-004l_S1_viszerale_Leishmaniasis_Kalar_Azar_2017-01-abgelaufen.pdf
14762319699490284344,021-012l_S3_Hepatitis-C-Virus_HCV-Infektion_2018-07-abgelaufen.pdf
17763855384017826144,043-022OLl_S3_Prostatakarzinom_2024-06.pdf
12369838847168840481,043-034l_S2e_Diagnostik_Therapie_benignes_Prostatasyndrom_2023-04.pdf
15531327904075727719,059-002l_S2k_Diagnostik_Therapie_Syphilis_2021_06.pdf
16420134836379811643,038-013l_S3_Demenzen_2025-04.pdf
2001689626463923399,038-022l_S3_Verhinderung-von-Zwang-Praevention-Therapie-aggressiven-Verhaltens_2018-11-abgelaufen.pdf
15064556453990460486,020-003l_S2k_Fachaerztliche-Diagnostik-Therapie-erwachsene-Patienten-Husten__2025-02_1.pdf
16994302654507346340,037-012l_S2k_Lipoedem_2024-01_01.pdf
15078130197561803634,037-015l_S2k_Sklerosierungsbehandlung-Varikose_2019-05_abgelaufen.pdf
11353672096708578823,025-016l_S2k_Sichelzellkrankheit_2020-12.pdf
7006864518505705723,025-017l_S1_Thalassaemien_2023-02_1.pdf
14676136905136784514,025-018l-S1_Hereditaere-Sphaerozytose_2023-09_1.pdf
7767381724170332027,025-021l_S1_Eisenmangelanaemie_2021-11.pdf
11386311544960521137,025-027l_S1_Anaemiediagnostik-im_Kindesalter_2024-06.pdf
7593693970289694099,025-003l_S2k_Langzeit-Nachsorge-krebskranke-Kinder-Jugendliche–Vermeiden-Erkennen-Behandeln-Spaetfolgen_2025-05.pdf
949784339658535779,023-001l_S2k_Abklaerung_Herzgeraeusch_Kindes-Jugendalter_2018-05-abgelaufen.pdf
8460508167708164297,023-002l_S2k_Abklaerung-einer-Zyanose-Kinder-Jugendliche_2018-07-abgelaufen.pdf
11083618556341025866,023-033l_S2k_Pulmonalklappeninsuffizienz-Pulmonalklappenersatz-Kinder-Jugendliche-junge-Erwachsene-EMAH-Patienten_2024-03.pdf
5642802268757999183,023-035l_S2k_Periphere_Pulmonalarterienstenosen_2018-09-abgelaufen.pdf
11050820471256592327,068-003l_S2k_AGE-Akute-infektioese-Gastroenteritis-Saeuglinge-Kinder-Jugendliche-2024-07.pdf
2370994124391541202,068-015l_S2k_Cholestase-im-Neugeborenenalter_2022-08.pdf
10442402991407230365,069-019l_S2k_Funktionelle-nicht-organische-Obstipation-Stuhlinkontinenz-im-Kindes-und-Jugendalter_2022-04.pdf
16221661095421154261,027-021l_S1_Konfirmationsdiagnostik-Stoffwechselkrankheiten-Neugeborenenscreening_2025-01-abgelaufen.pdf
11993672790300862525,031-002l_S1_Radioiodtherapie_differenziertes_Schilddruesenkarziom_2015-10-abgelaufen.pdf
12977445984624972364,031-003l_S1_Radioiodtherapie_benigne_Schilddruesenerkrankungen_2023-04.pdf
1302904480726364743,031-011l_S1_Schilddruesenszintigraphie-Tc-99m-Pertechnetat-I-123_Natriumiodid__2023-04.pdf
13597204369452482242,031-012l_S1_Radioiodtest-I-131-oder-I-123_Natriumiodid_2023-04.pdf
7173992494959459688,031-025l_S1__99mTc_Tc-DMSA-Szintigraphie-Kinder__2024-03.pdf
11706922096522168942,031-038l_S1_Knochenszintigraphie_Kinder_2015-06-abgelaufen.pdf
4834722762977705977,031-042l_S1_Nierenfunktionsszintigraphie-mit-ohne-Furosemid-Diurese-Kinder-Erwachsene_2024-04.pdf
12115747046811540422,030-001l_S1_Motoneuronerkrankungen_2021-11.pdf
5906509949010546191,030-002l_S2k_Behandlung-von-spontanen-intrazerebralen-Blutungen_2025-01_verlaengert.pdf
10372718595787893723,030-006l-S1_Delir-und-Verwirrtheitszustaende-Alkoholentzugsdelir_2022-01.pdf
14720606613010629562,030-011l_S2k_Tremor_2022-08.pdf
18354760270639365268,030-013l_S2k_Therapie-Idiopathische-Fazialisparese-Bell’s-Palsy_2022-05.pdf
15992275246039702427,030-016l_Diagnostik-Therapie-_Trigeminusneuralgie__2024-01_1.pdf
11704217541849195850,030-031l_S1_Ataxien-des-Erwachsenenalters_2024-02.pdf
16193603626434122364,030-035l_S1_Fruehsommer_Meningoenzephalitis_FSME_2025-01-abgelaufen.pdf
8384575230466761794,030-036l_S1_Clusterkopfschmerz_trigeminoautonome_Kopfschmerzen_2015-06-abgelaufen.pdf
4456462948210629104,030-037l_S1_Crampi-Muskelkrampf_2024-02.pdf
16511565794211532842,030-039l_S1_Dystonie_2021-05.pdf
9734010504510265161,030-041l_S2k_Erster-epileptischer-Anfall-Epilepsien-Erwachsenenalter_2023-09.pdf
9493443761787395320,030-042l_S1_Creutzfeldt-Jakob-Krankheit_2024-07.pdf
16243804513203299944,030-044l_S1_Diagnostik-Therapie-HIV-1-assoziierter_Erkrankungen_2021-02.pdf
17495191832520474208,030-046l_S2e_Akuttherapie-des-ischaemischen-Schlaganfalls_2022-11-verlaengert.pdf
5197360712532929229,030-049l_S1_Mitochondriale-Erkrankungen_2021-02_01.pdf
17755431072543899642,030-050l_S2k_Diagnose-Therapie-Multiple-Sklerose-Neuromyelitis-Optica-Spektrum-MOG-IgG-assoziierte-Erkrankungen_2025-02.pdf
1608168489063141762,030-051l_S1_Diagnostik-Differentialdiagnose-Myalgien_2025-04.pdf
4870405487245182052,030-052l_S1_Zervikale-spondylotische-Myelopathie_2017-08_02-abgelaufen.pdf
4642634164464951730,030-054l_S2k_Myositissyndrome_2024-10-verlaengert.pdf
8965096563589161821,030-055l_S1_Myotone-Dystrophien-nicht-dystrophe-Myotonien-periodische-Paralysen_2024-02.pdf
6072113738347687118,030-057l_S1_Therapie-der-Migraeneattacke-Prophylaxe-der-Migraene_2024-06.pdf
16320303562011911905,030-063_S1_Normaldruckhydrozephalus_2018-03-abgelaufen.pdf
14671311635696160416,030-067l_S1_Diagnostik-Polyneuropathien_2024-05.pdf
14382148038917325756,030-070l_S3_Diagnostik-Therapie-akuten-Querschnittlaehmung_2025-04.pdf
17797910746757529476,030-071l_S3_Neuroborreliose_2024-05.pdf
9559002411132545430,030-077l_S1_Diagnostik-Therapie-Kopfschmerz-Spannungstyp_2024-03.pdf
13391580490699457931,030-078l_S2k_Therapie_spastisches_Syndrom_2025-04.pdf
2720345390934665427,030-079l_S2k_Status_epilepticus_im_Erwachsenenalter_2022-03.pdf
7093911736281561247,030-080l_S1_Stiff-Man-Syndrom_2017-11-abgelaufen.pdf
6105687609531993479,030-081l_S2k_Restless-Legs-Syndrom_2024-01.pdf
3276401925078399440,030-083l_S1_Transiente_globale_Amnesie_2023-01_01.pdf
1388998216353001108,002-038l_S2k_Diagnostik_und_Begutachtung_asbestbedingter_Berufskrankheiten_2021-01.pdf
12106972911659370879,004-028l_extracranielle-Carotisstenose-Diagnostik-Therapie-Nachsorge_2025-02-abgelaufen.pdf
10437671053012426407,007-096l_S2k_Zahnsanierung_vor_Herzklappenersatz_2017-12_01-abgelaufen.pdf
4742898142285905263,007-100OLl_S3-Diagnostik-Therapie-Mundhoehlenkarzinom_2021-03.pdf
10585573195971929199,011-020l_S3_Einsatz-intraaortale-Ballongegenpulsation-Herzchirurgie-IABP_2024-09.pdf
6985350247519371914,013-012l_S2k_Therapie-Hidradenitis-suppurativa-Acne-inversa_2024-08.pdf
15135098121018786512,013-028l_S3_Klassifikation-Diagnostik-Therapie-Urtikaria_2022-04.pdf
9742423427503476338,013-071l_S2k_Diagnostik-Therapie-Pemphigus-vulgaris-foliaceus-bulloese-Pemphigoids_2019-10-abgelaufen.pdf
2866542321954894505,015-052l_S1_Weibliche_genitale_Fehlbildungen_2020-06.pdf
12261551665673297804,017-004l_S2k_Seromukotympanum_2018-12-abgelaufen.pdf
5114198629855430491,017-021l_S2k_Adenoide-Vegetationen_2023-02.pdf
11146822208133936899,017-024l_S2k_Therapie-Tonsillo-Pharyngitis__2024-03.pdf
2272086481321120286,017-025l_S2k_Obstruktive_Sialadenitis_2024-11-abgelaufen.pdf
13281891892922482274,017-071l_S2k_Cochlea-Implantat-Versorgung-zentral-auditorische-Implantate_2020-12.pdf
4424224447071531048,017-074l_S2k_Chronisch-mesotympanale-Otitis-media_2020-11_01.pdf
8105392649008193454,017-075l_S2k_Hypersalivation_2018-11.pdf
2512281077043524095,018-029OLl_S3_Hodgkin-Lymphom_Erwachsene_Diagnostik_Therapie_Nachsorge_2022-10.pdf
5495321532409518310,020-013l_S3_Epidemiologie-Diagnostik-Therapie-erwachsener-Patienten-nosokomiale-Pneumonie__2024-03.pdf
5826482782418218475,020-015l_S2k_Prolongiertes_Weaning_2024-08_abgelaufen.pdf
12178915390459664336,021-003l_S3_Pankreatitis_2022-04_01.pdf
7160593946989768566,021-016l_S3_Definition-Pathophysiologie-Diagnostik-Therapie-Reizdarmsyndroms_2022-02.pdf
11178749548534424149,021-017l_S2k_Komplikationen-der-Leberzirrhose_2023-09-abgelaufen.pdf
13649133423012473072,021-018l-S3I_Intestinale-Motilitaetsstierungen_2022-03.pdf
15296859322963015319,022-017l_S3_Umschriebene-Entwicklungsstoerungen-motorischer-Funktionen-UEMF_2020-08_01.pdf
4864993956035614282,025-004l_S1_Nephroblastom_Wilms-Tumor_2016-06-abgelaufen.pdf
18044997978199844722,025-005l_S1_Osteosarkome_2021-11.pdf
7699151672331929349,025-007l_S1_Rhabdomyosarkome_2024-03.pdf
9999335820051226709,025-010l_Extrakranielle-Keimzelltumoren_2022-01.pdf
894839346134220340,025-011l_S1_Hepatoblastom_2016-06-abgelaufen.pdf
1882344959566564687,025-025l_S1_Ependymome-Kinder-Jugendliche_2023-09.pdf
3168789968745225668,025-028l_S1_Keimzelltumoren-des-Zentralnervensystems-ZNS_2022-01.pdf
10884761444257058089,026-023l_S2k_Diagnose_der_Mukoviszidose_2023-11.pdf
3887365993540963395,027-006l_S3_Diagnostik-Therapie-Harnstoffzyklusstoerungen_2018-06-abgelaufen.pdf
12022558920369174622,028-045l_S3_ADHS_2018-06-abgelaufen.pdf
6930673830922075355,nvl-009l_S3_Hypertonie_2023-06.pdf
9834250451597362329,nvl-007l_S3_Kreuzschmerz_2017-03-abgelaufen.pdf
3345788495591709636,093-001l_S2k_Labordiagnostik-schwangerschaftsrelevanter-Virusinfektionen_2022-02.pdf
1840716646236005422,092-001l_S3_Strategien-zur-Sicherung-rationaler-Antibiotika-Anwendung-im-Krankenhaus_2020-02-abgelaufen.pdf
8117402395671773901,091-001l_S3_Lokaltherapie-schwerheilender-chronischer-Wunden_2023-11.pdf
16313993734194201081,086-003l_S2k_Diagnose-Thrombozytenfunktionsstoerungen-Thrombozytopathien_2024-09.pdf
7886071790001239128,086-001l-S2k-Neu-diagnostizierte-Immunthrombozytopenie-Kindesalter-Jugendalter_2019-06-abgelaufen.pdf
9521155100457585452,083-004l_S2k_Therapie-des-dentalen-Traumas-bleibender-Zaehne_2022-10.pdf
13127158723661589157,030-133l_S2k_Sekundaerprophylaxe-ischaemischer-Schlaganfall-transitorische-ischaemische-Attacke-Teil-1_2022-07.pdf
10929463872429995386,032-009l_S3_Magenkarzinom_Diagnostik_Therapie_Adenokarzinome_oesophagogastraler_Uebergang_2019-12.pdf
4525884995802484374,080-001l_S3_Rehabilitative_Therapie_bei_Armparese_nach_Schlaganfall_2025-04-abgelaufen.pdf
6564012111613932239,078-015l_S2k_Humangenetische_Diagnostik_Genetische_Beratung_2019-08-abgelaufen.pdf
6917808131464835430,062-006l_S1_Therapie-anderer-primaerer-Kopfschmerzerkrankungen_2024-12.pdf
1211818802182829542,061-029l_S1_Hereditaeres-Angiooedem-durch-C1-Inhibitor-Mangel_2019-01-abgelaufen.pdf
16910769175980151706,061-020l_S2k_Diagnose-Therapie-Bienengiftallergie-Wespengiftallergie_2024-08.pdf
15213442611889965326,053-023l_S3_Brustschmerz–primaeraerztliche-Versorgung_2025-03.pdf
12362675325431864907,032-051OLl_S3_Psychoonkologische-Diagnostik-Beratung-Behandlung-von-erwachsenen-KrebspatientInnen_2023-09.pdf
177420882341472855,032-052OLl_S3_Praevention-Hautkrebs_2021-09.pdf
6543560444400606147,032-053OLl_S3_Diagnostik-Therapie-Hepatozellulaeres-Karzinom-biliaere-Karzinome_2024-11.pdf
3321858115775518819,051-029l_S2k_Begutachtung-psychischer-psychosomatischer-Stoerungen_2025-01-abgelaufen.pdf
13433293900832440497,038_017l_S3_Zwangsstörungen_2022-07.pdf
824995447013037271,051-028l_S3_Behandlung-von-Angststoerungen_2021-06.pdf
6355038907909367516,038-020l_S3_Psychosoziale_Therapien_bei_schweren_psychischen_Erkrankungen_2019-07.pdf
1032867022957155002,051-026l_S3_Essstoerung-Diagnostik-Therapie_2020-03-abgelaufen.pdf
3791295191717947230,049-008l_S2k_Diagnostik-Therapie-Stoerungen-der-Stimmfunktion-Dysphonien_2023-01.pdf
12001159923603501712,063-001l_S3_SBAS_2023-01_verlaengert_und_Hinweis_Teil-Aktualisierung.pdf
1991236849858092751,030-135l_S2e_Diagnostik-Therapie-Aufmerksamkeitsstoerungen-bei-neurologischen-Erkrankungen-Erwachsenene_2023-12.pdf
7876245784374927275,030-131l_S1_Kopfschmerz-Uebergebrauch-Schmerzmittel-Migraenemittel-Medication-Overuse-Headache-MOH_2022-04.pdf
3672414807321939159,030-130l_S2e_Neuropathien_Neuritiden_2019-03-abgelaufen.pdf
6725434432334045944,030-126l_S2k_Diagnostik-Therapie-Neglect-andere-Stoerungen-der-Raumkognition_2023-03.pdf
10216797100571735211,030-125l_S2e_LL_Diagnostik-Therapie-exekutive-Dysfunktionen_2024-12-abgelaufen.pdf
2435981746188789046,030-124l_S2e_Diagnostik_Therapie_Gedächtnisstörungen_2025-03-abgelaufen.pdf
80408479062470121,030-123l_S2k_Rehabilitation-von-sensomotorischen-_Stoerungen_2023-05.pdf
15447807793528333741,030-121l_S1_Diagnostik-Therapie-Neurogene-Blasenstoerungen_2025-01-abgelaufen.pdf
16227480311943059130,024-009l_S2k_Nekrotisierende_Enterokolitis_2018-02-abgelaufen.pdf
3966689852581019540,043-044l_S3_Epidemiologie-Diagnostik-Therapie-Praevention-Management-Harnwegsinfektione-Erwachsene-HWI_2024-09.pdf
13835610266482669111,051-001l_S3_Funktionelle_Koerperbeschwerden_2018-11-abgelaufen.pdf
7925397783784843154,007-064l_S3_Ankylose_Unterkieferhypomobilität_2016-07-abgelaufen.pdf
10657291321783981888,013-023l_S2k_Diagnostik-Therapie-Zoster-Postzosterneuralgie_2020-09-abgelaufen.pdf
7602642691590368894,025-012l-S1_Hodgkin_Lymphom_2019-01-abgelaufen.pdf
6853358882228996851,026-022l_S3_Lungenerkrankung-bei-Mukoviszidose-Pseudomonas-aeruginosa__2023-02_02.pdf
10377002127857128170,015-072l_S2k_Vulvovaginalkandidose_2020-10_01.pdf
2734232812870482922,030-087l_S2k_Diagnostik-Therapie-myasthener-Syndrome_2025-01.pdf
10168076384974637044,024-022l_S2k_Prophlaxe_Vitamin_K_Mangel_Neugeborene_2016-04-abgelaufen.pdf
15706470607851963833,083-009l_S2K_Implantologische-Indikationen-Anwendung-Knochenersatzmaterialien_2020-11.pdf
11920192695404779933,083-010l_S3_Implantatprothetische-Versorgung-zahnloser-Oberkiefer_2021-03.pdf
2744930423681621741,083-011l_S3_Indikationen-implantologische-3D-Rorntgendiagnostik-navigationsgestuetzte-Implantologie_2023-08.pdf